ID,Name,Age,Gender,City,Area,PostalCode,Disease,Contact,Password
1001,Md. Rafiq Ahmed,45,Male,Dhaka,Mirpur-10,1216,Diabetes,01711111111,1234
1002,Sabina Yasmin,32,Female,Chattogram,Agrabad,4000,Hypertension,01822222222,5678
1003,Arifur Rahman,28,Male,Khulna,Sonadanga,9100,Asthma,01933333333,4321
1004,Nasima Khatun,50,Female,Rajshahi,Upashahar,6000,Heart Disease,01544444444,9876
1005,Tariqul Islam,38,Male,Sylhet,Zindabazar,3100,Migraine,01655555555,2468
1006,Faisal Hossain,41,Male,Dhaka,Banani,1213,Arthritis,01766666666,1357
1007,Sharmin Akter,29,Female,Chattogram,Panchlaish,4212,Thyroid Disease,01877777777,2469
1008,Alim Uddin,56,Male,Khulna,Rupsha,9200,Hypertension,01988888888,3698
1009,Jannatul Ferdous,35,Female,Rajshahi,Kazla,6001,Asthma,01599999999,4820
1010,Sabbir Hossain,47,Male,Sylhet,Shibganj,3102,Liver Disease,01610101010,5902
1011,Shahidul Islam,62,Male,Barishal,Kawnia,8200,Kidney Disease,01720202020,6745
1012,Mariam Begum,53,Female,Comilla,Kandirpar,3500,Diabetes,01830303030,7896
1013,Azizur Rahman,44,Male,Rangpur,Medical Road,5400,Chronic Pain,01940404040,8523
1014,Farhana Hossain,39,Female,Mymensingh,Town Hall,2200,Obesity,01550505050,9632
1015,Jasim Uddin,51,Male,Coxs Bazar,Laboni,4700,Tuberculosis,01660606060,7412
1016,Nasrin Sultana,27,Female,Jashore,Chowgacha,7400,Anemia,01770707070,8521
1017,Abdullah Al Mamun,36,Male,Tangail,Park Road,1900,Hypertension,01880808080,9630
1018,Mehedi Hasan,33,Male,Gazipur,Tongi,1700,Thyroid Disorder,01990909090,7845
1019,Zakia Ferdous,48,Female,Narayanganj,Fatullah,1400,Arthritis,01511121314,6985
1020,Anwar Hossain,60,Male,Bogura,Sherpur,5800,Heart Disease,01612131415,7854
